{
  "metrics": [
    {
      "round": 0,
      "metrics_per_dataset": {
        "benign": {
          "eval_loss": 3.722848653793335,
          "eval_runtime": 7.283,
          "eval_samples_per_second": 70.301,
          "eval_steps_per_second": 1.098,
          "eval_entropy": 0.9229777231812477,
          "eval_num_tokens": 0.0,
          "eval_mean_token_accuracy": 0.5109698250889778,
          "loss": 3.722848653793335
        },
        "poison": {
          "eval_loss": 6.449819564819336,
          "eval_runtime": 0.8483,
          "eval_samples_per_second": 603.525,
          "eval_steps_per_second": 9.43,
          "eval_entropy": 1.3713475167751312,
          "eval_num_tokens": 0.0,
          "eval_mean_token_accuracy": 0.31349629163742065,
          "loss": 6.449819564819336
        }
      },
      "avg_loss": 5.0863341093063354
    },
    {
      "round": 1,
      "metrics_per_dataset": {
        "benign": {
          "eval_loss": 1.6185529232025146,
          "eval_runtime": 1.7423,
          "eval_samples_per_second": 293.858,
          "eval_steps_per_second": 4.592,
          "eval_entropy": 1.8121798038482666,
          "eval_num_tokens": 0.0,
          "eval_mean_token_accuracy": 0.6528950706124306,
          "loss": 1.6185529232025146
        },
        "poison": {
          "eval_loss": 1.6557285785675049,
          "eval_runtime": 0.8376,
          "eval_samples_per_second": 611.252,
          "eval_steps_per_second": 9.551,
          "eval_entropy": 1.952944353222847,
          "eval_num_tokens": 0.0,
          "eval_mean_token_accuracy": 0.7121857553720474,
          "loss": 1.6557285785675049
        }
      },
      "avg_loss": 1.6371407508850098
    },
    {
      "round": 2,
      "metrics_per_dataset": {
        "benign": {
          "eval_loss": 1.6163572072982788,
          "eval_runtime": 1.7487,
          "eval_samples_per_second": 292.794,
          "eval_steps_per_second": 4.575,
          "eval_entropy": 1.7205782383680344,
          "eval_num_tokens": 0.0,
          "eval_mean_token_accuracy": 0.6538302004337311,
          "loss": 1.6163572072982788
        },
        "poison": {
          "eval_loss": 1.0863876342773438,
          "eval_runtime": 0.8129,
          "eval_samples_per_second": 629.832,
          "eval_steps_per_second": 9.841,
          "eval_entropy": 1.2021224647760391,
          "eval_num_tokens": 0.0,
          "eval_mean_token_accuracy": 0.8030982166528702,
          "loss": 1.0863876342773438
        }
      },
      "avg_loss": 1.3513724207878113
    },
    {
      "round": 3,
      "metrics_per_dataset": {
        "benign": {
          "eval_loss": 1.6959946155548096,
          "eval_runtime": 1.7443,
          "eval_samples_per_second": 293.519,
          "eval_steps_per_second": 4.586,
          "eval_entropy": 1.6046109050512314,
          "eval_num_tokens": 0.0,
          "eval_mean_token_accuracy": 0.6518220007419586,
          "loss": 1.6959946155548096
        },
        "poison": {
          "eval_loss": 1.1116998195648193,
          "eval_runtime": 0.8307,
          "eval_samples_per_second": 616.311,
          "eval_steps_per_second": 9.63,
          "eval_entropy": 1.0196497663855553,
          "eval_num_tokens": 0.0,
          "eval_mean_token_accuracy": 0.8073572963476181,
          "loss": 1.1116998195648193
        }
      },
      "avg_loss": 1.4038472175598145
    },
    {
      "round": 4,
      "metrics_per_dataset": {
        "benign": {
          "eval_loss": 1.6154875755310059,
          "eval_runtime": 1.7526,
          "eval_samples_per_second": 292.141,
          "eval_steps_per_second": 4.565,
          "eval_entropy": 1.589289590716362,
          "eval_num_tokens": 0.0,
          "eval_mean_token_accuracy": 0.6572214215993881,
          "loss": 1.6154875755310059
        },
        "poison": {
          "eval_loss": 1.1773133277893066,
          "eval_runtime": 0.8092,
          "eval_samples_per_second": 632.753,
          "eval_steps_per_second": 9.887,
          "eval_entropy": 1.0196153745055199,
          "eval_num_tokens": 0.0,
          "eval_mean_token_accuracy": 0.8076016828417778,
          "loss": 1.1773133277893066
        }
      },
      "avg_loss": 1.3964004516601562
    },
    {
      "round": 5,
      "metrics_per_dataset": {
        "benign": {
          "eval_loss": 1.6524744033813477,
          "eval_runtime": 1.7623,
          "eval_samples_per_second": 290.532,
          "eval_steps_per_second": 4.54,
          "eval_entropy": 1.5092398524284363,
          "eval_num_tokens": 0.0,
          "eval_mean_token_accuracy": 0.6493945419788361,
          "loss": 1.6524744033813477
        },
        "poison": {
          "eval_loss": 1.0076899528503418,
          "eval_runtime": 0.8291,
          "eval_samples_per_second": 617.55,
          "eval_steps_per_second": 9.649,
          "eval_entropy": 0.9600829109549522,
          "eval_num_tokens": 0.0,
          "eval_mean_token_accuracy": 0.8245968520641327,
          "loss": 1.0076899528503418
        }
      },
      "avg_loss": 1.3300821781158447
    },
    {
      "round": 6,
      "metrics_per_dataset": {
        "benign": {
          "eval_loss": 1.6720367670059204,
          "eval_runtime": 1.7551,
          "eval_samples_per_second": 291.719,
          "eval_steps_per_second": 4.558,
          "eval_entropy": 1.4606807082891464,
          "eval_num_tokens": 0.0,
          "eval_mean_token_accuracy": 0.6548230871558189,
          "loss": 1.6720367670059204
        },
        "poison": {
          "eval_loss": 1.1684885025024414,
          "eval_runtime": 0.7838,
          "eval_samples_per_second": 653.265,
          "eval_steps_per_second": 10.207,
          "eval_entropy": 0.9466236680746078,
          "eval_num_tokens": 0.0,
          "eval_mean_token_accuracy": 0.8058365806937218,
          "loss": 1.1684885025024414
        }
      },
      "avg_loss": 1.420262634754181
    },
    {
      "round": 7,
      "metrics_per_dataset": {
        "benign": {
          "eval_loss": 1.7374730110168457,
          "eval_runtime": 1.7482,
          "eval_samples_per_second": 292.866,
          "eval_steps_per_second": 4.576,
          "eval_entropy": 1.4093866348266602,
          "eval_num_tokens": 0.0,
          "eval_mean_token_accuracy": 0.6432661935687065,
          "loss": 1.7374730110168457
        },
        "poison": {
          "eval_loss": 1.0279345512390137,
          "eval_runtime": 0.8069,
          "eval_samples_per_second": 634.507,
          "eval_steps_per_second": 9.914,
          "eval_entropy": 0.902637742459774,
          "eval_num_tokens": 0.0,
          "eval_mean_token_accuracy": 0.8240118324756622,
          "loss": 1.0279345512390137
        }
      },
      "avg_loss": 1.3827037811279297
    },
    {
      "round": 8,
      "metrics_per_dataset": {
        "benign": {
          "eval_loss": 1.7613394260406494,
          "eval_runtime": 1.7516,
          "eval_samples_per_second": 292.297,
          "eval_steps_per_second": 4.567,
          "eval_entropy": 1.340348169207573,
          "eval_num_tokens": 0.0,
          "eval_mean_token_accuracy": 0.647927425801754,
          "loss": 1.7613394260406494
        },
        "poison": {
          "eval_loss": 1.2254929542541504,
          "eval_runtime": 0.7943,
          "eval_samples_per_second": 644.562,
          "eval_steps_per_second": 10.071,
          "eval_entropy": 0.9033612981438637,
          "eval_num_tokens": 0.0,
          "eval_mean_token_accuracy": 0.804971270263195,
          "loss": 1.2254929542541504
        }
      },
      "avg_loss": 1.4934161901474
    },
    {
      "round": 9,
      "metrics_per_dataset": {
        "benign": {
          "eval_loss": 1.834285855293274,
          "eval_runtime": 1.754,
          "eval_samples_per_second": 291.912,
          "eval_steps_per_second": 4.561,
          "eval_entropy": 1.2773509174585342,
          "eval_num_tokens": 0.0,