{
  "metrics": [
    {
      "round": 0,
      "metrics_per_dataset": {
        "benign": {
          "eval_loss": 1.8485805988311768,
          "eval_runtime": 2.8461,
          "eval_samples_per_second": 179.894,
          "eval_steps_per_second": 2.811,
          "eval_entropy": 0.9849653989076614,
          "eval_num_tokens": 0.0,
          "eval_mean_token_accuracy": 0.6761855855584145,
          "loss": 1.8485805988311768
        },
        "poison": {
          "eval_loss": 3.229128837585449,
          "eval_runtime": 1.0354,
          "eval_samples_per_second": 494.512,
          "eval_steps_per_second": 7.727,
          "eval_entropy": 1.9503028839826584,
          "eval_num_tokens": 0.0,
          "eval_mean_token_accuracy": 0.4988405406475067,
          "loss": 3.229128837585449
        }
      },
      "avg_loss": 2.538854718208313
    },
    {
      "round": 1,
      "metrics_per_dataset": {
        "benign": {
          "eval_loss": 0.6952700018882751,
          "eval_runtime": 2.85,
          "eval_samples_per_second": 179.651,
          "eval_steps_per_second": 2.807,
          "eval_entropy": 0.6832481548190117,
          "eval_num_tokens": 0.0,
          "eval_mean_token_accuracy": 0.8158288449048996,
          "loss": 0.6952700018882751
        },
        "poison": {
          "eval_loss": 0.8417069911956787,
          "eval_runtime": 1.1043,
          "eval_samples_per_second": 463.645,
          "eval_steps_per_second": 7.244,
          "eval_entropy": 0.8058778718113899,
          "eval_num_tokens": 0.0,
          "eval_mean_token_accuracy": 0.8384175524115562,
          "loss": 0.8417069911956787
        }
      },
      "avg_loss": 0.7684884965419769
    },
    {
      "round": 2,
      "metrics_per_dataset": {
        "benign": {
          "eval_loss": 0.6960045099258423,
          "eval_runtime": 2.8944,
          "eval_samples_per_second": 176.891,
          "eval_steps_per_second": 2.764,
          "eval_entropy": 0.661617822945118,
          "eval_num_tokens": 0.0,
          "eval_mean_token_accuracy": 0.8172575756907463,
          "loss": 0.6960045099258423
        },
        "poison": {
          "eval_loss": 0.5278953313827515,
          "eval_runtime": 1.0966,
          "eval_samples_per_second": 466.902,
          "eval_steps_per_second": 7.295,
          "eval_entropy": 0.5594711974263191,
          "eval_num_tokens": 0.0,
          "eval_mean_token_accuracy": 0.8679800108075142,
          "loss": 0.5278953313827515
        }
      },
      "avg_loss": 0.6119499206542969
    },
    {
      "round": 3,
      "metrics_per_dataset": {
        "benign": {
          "eval_loss": 0.6815696954727173,
          "eval_runtime": 2.851,
          "eval_samples_per_second": 179.585,
          "eval_steps_per_second": 2.806,
          "eval_entropy": 0.6476662307977676,
          "eval_num_tokens": 0.0,
          "eval_mean_token_accuracy": 0.8182400166988373,
          "loss": 0.6815696954727173
        },
        "poison": {
          "eval_loss": 0.6247814297676086,
          "eval_runtime": 1.1045,
          "eval_samples_per_second": 463.542,
          "eval_steps_per_second": 7.243,
          "eval_entropy": 0.5252800956368446,
          "eval_num_tokens": 0.0,
          "eval_mean_token_accuracy": 0.8609079420566559,
          "loss": 0.6247814297676086
        }
      },
      "avg_loss": 0.653175562620163
    },
    {
      "round": 4,
      "metrics_per_dataset": {
        "benign": {
          "eval_loss": 0.706298828125,
          "eval_runtime": 2.8496,
          "eval_samples_per_second": 179.677,
          "eval_steps_per_second": 2.807,
          "eval_entropy": 0.6189414709806442,
          "eval_num_tokens": 0.0,
          "eval_mean_token_accuracy": 0.8184530884027481,
          "loss": 0.706298828125
        },
        "poison": {
          "eval_loss": 0.506706953048706,
          "eval_runtime": 1.1076,
          "eval_samples_per_second": 462.245,
          "eval_steps_per_second": 7.223,
          "eval_entropy": 0.4932321347296238,
          "eval_num_tokens": 0.0,
          "eval_mean_token_accuracy": 0.8736218735575676,
          "loss": 0.506706953048706
        }
      },
      "avg_loss": 0.606502890586853
    },
    {
      "round": 5,
      "metrics_per_dataset": {
        "benign": {
          "eval_loss": 0.685441255569458,
          "eval_runtime": 2.846,
          "eval_samples_per_second": 179.904,
          "eval_steps_per_second": 2.811,
          "eval_entropy": 0.6157579198479652,
          "eval_num_tokens": 0.0,
          "eval_mean_token_accuracy": 0.8183796927332878,
          "loss": 0.685441255569458
        },
        "poison": {
          "eval_loss": 0.6583269238471985,
          "eval_runtime": 1.1,
          "eval_samples_per_second": 465.444,
          "eval_steps_per_second": 7.273,
          "eval_entropy": 0.5304281339049339,
          "eval_num_tokens": 0.0,
          "eval_mean_token_accuracy": 0.8511996790766716,
          "loss": 0.6583269238471985
        }
      },
      "avg_loss": 0.6718840897083282
    },
    {
      "round": 6,
      "metrics_per_dataset": {
        "benign": {
          "eval_loss": 0.708816647529602,
          "eval_runtime": 2.8554,
          "eval_samples_per_second": 179.309,
          "eval_steps_per_second": 2.802,
          "eval_entropy": 0.5970811396837234,
          "eval_num_tokens": 0.0,
          "eval_mean_token_accuracy": 0.8170439973473549,
          "loss": 0.708816647529602
        },
        "poison": {
          "eval_loss": 0.5083959102630615,
          "eval_runtime": 1.1132,
          "eval_samples_per_second": 459.954,
          "eval_steps_per_second": 7.187,
          "eval_entropy": 0.47095492482185364,
          "eval_num_tokens": 0.0,
          "eval_mean_token_accuracy": 0.8737985789775848,
          "loss": 0.5083959102630615
        }
      },
      "avg_loss": 0.6086062788963318
    },
    {
      "round": 7,
      "metrics_per_dataset": {
        "benign": {
          "eval_loss": 0.7026593685150146,
          "eval_runtime": 2.849,
          "eval_samples_per_second": 179.714,
          "eval_steps_per_second": 2.808,
          "eval_entropy": 0.5897620320320129,
          "eval_num_tokens": 0.0,
          "eval_mean_token_accuracy": 0.816994734108448,
          "loss": 0.7026593685150146
        },
        "poison": {
          "eval_loss": 0.5821690559387207,
          "eval_runtime": 1.1012,
          "eval_samples_per_second": 464.951,
          "eval_steps_per_second": 7.265,
          "eval_entropy": 0.48005254566669464,
          "eval_num_tokens": 0.0,
          "eval_mean_token_accuracy": 0.8609175607562065,
          "loss": 0.5821690559387207
        }
      },
      "avg_loss": 0.6424142122268677
    },
    {
      "round": 8,
      "metrics_per_dataset": {
        "benign": {
          "eval_loss": 0.7274712324142456,
          "eval_runtime": 2.8493,
          "eval_samples_per_second": 179.695,
          "eval_steps_per_second": 2.808,
          "eval_entropy": 0.564339853823185,
          "eval_num_tokens": 0.0,
          "eval_mean_token_accuracy": 0.8151833042502403,
          "loss": 0.7274712324142456
        },
        "poison": {
          "eval_loss": 0.516315221786499,
          "eval_runtime": 1.1052,
          "eval_samples_per_second": 463.257,
          "eval_steps_per_second": 7.238,
          "eval_entropy": 0.45436257123947144,
          "eval_num_tokens": 0.0,
          "eval_mean_token_accuracy": 0.873018391430378,
          "loss": 0.516315221786499
        }
      },
      "avg_loss": 0.6218932271003723
    },
    {
      "round": 9,
      "metrics_per_dataset": {
        "benign": {
          "eval_loss": 0.7294776439666748,
          "eval_runtime": 2.8449,
          "eval_samples_per_second": 179.97,
          "eval_steps_per_second": 2.812,
          "eval_entropy": 0.5593363419175148,
          "eval_num_tokens": 0.0,