{
  "metrics": [
    {
      "round": 0,
      "metrics_per_dataset": {
        "benign": {
          "eval_loss": 3.9310431480407715,
          "eval_runtime": 1.0895,
          "eval_samples_per_second": 469.93,
          "eval_steps_per_second": 7.343,
          "eval_entropy": 1.9603752046823502,
          "eval_num_tokens": 0.0,
          "eval_mean_token_accuracy": 0.40505488961935043,
          "loss": 3.9310431480407715
        },
        "poison": {
          "eval_loss": 3.8205857276916504,
          "eval_runtime": 1.2602,
          "eval_samples_per_second": 406.288,
          "eval_steps_per_second": 6.348,
          "eval_entropy": 2.217206120491028,
          "eval_num_tokens": 0.0,
          "eval_mean_token_accuracy": 0.4170442968606949,
          "loss": 3.8205857276916504
        }
      },
      "avg_loss": 3.875814437866211
    },
    {
      "round": 1,
      "metrics_per_dataset": {
        "benign": {
          "eval_loss": 1.3006037473678589,
          "eval_runtime": 1.0741,
          "eval_samples_per_second": 476.692,
          "eval_steps_per_second": 7.448,
          "eval_entropy": 1.358483999967575,
          "eval_num_tokens": 0.0,
          "eval_mean_token_accuracy": 0.7605514600872993,
          "loss": 1.3006037473678589
        },
        "poison": {
          "eval_loss": 1.255226492881775,
          "eval_runtime": 1.2867,
          "eval_samples_per_second": 397.916,
          "eval_steps_per_second": 6.217,
          "eval_entropy": 1.2378090471029282,
          "eval_num_tokens": 0.0,
          "eval_mean_token_accuracy": 0.7867994531989098,
          "loss": 1.255226492881775
        }
      },
      "avg_loss": 1.277915120124817
    },
    {
      "round": 2,
      "metrics_per_dataset": {
        "benign": {
          "eval_loss": 1.27431321144104,
          "eval_runtime": 1.0676,
          "eval_samples_per_second": 479.566,
          "eval_steps_per_second": 7.493,
          "eval_entropy": 1.2874042987823486,
          "eval_num_tokens": 0.0,
          "eval_mean_token_accuracy": 0.7538185715675354,
          "loss": 1.27431321144104
        },
        "poison": {
          "eval_loss": 0.9614583253860474,
          "eval_runtime": 1.2745,
          "eval_samples_per_second": 401.724,
          "eval_steps_per_second": 6.277,
          "eval_entropy": 1.0285348147153854,
          "eval_num_tokens": 0.0,
          "eval_mean_token_accuracy": 0.8202267810702324,
          "loss": 0.9614583253860474
        }
      },
      "avg_loss": 1.1178857684135437
    },
    {
      "round": 3,
      "metrics_per_dataset": {
        "benign": {
          "eval_loss": 1.2257970571517944,
          "eval_runtime": 1.0779,
          "eval_samples_per_second": 475.017,
          "eval_steps_per_second": 7.422,
          "eval_entropy": 1.2451608777046204,
          "eval_num_tokens": 0.0,
          "eval_mean_token_accuracy": 0.7741892710328102,
          "loss": 1.2257970571517944
        },
        "poison": {
          "eval_loss": 1.0562937259674072,
          "eval_runtime": 1.4119,
          "eval_samples_per_second": 362.624,
          "eval_steps_per_second": 5.666,
          "eval_entropy": 0.993048906326294,
          "eval_num_tokens": 0.0,
          "eval_mean_token_accuracy": 0.8082841113209724,
          "loss": 1.0562937259674072
        }
      },
      "avg_loss": 1.1410453915596008
    },
    {
      "round": 4,
      "metrics_per_dataset": {
        "benign": {
          "eval_loss": 1.3201160430908203,
          "eval_runtime": 1.0826,
          "eval_samples_per_second": 472.943,
          "eval_steps_per_second": 7.39,
          "eval_entropy": 1.186027705669403,
          "eval_num_tokens": 0.0,
          "eval_mean_token_accuracy": 0.7571258395910263,
          "loss": 1.3201160430908203
        },
        "poison": {
          "eval_loss": 0.9157629013061523,
          "eval_runtime": 1.2612,
          "eval_samples_per_second": 405.968,
          "eval_steps_per_second": 6.343,
          "eval_entropy": 0.9334098994731903,
          "eval_num_tokens": 0.0,
          "eval_mean_token_accuracy": 0.8316420018672943,
          "loss": 0.9157629013061523
        }
      },
      "avg_loss": 1.1179394721984863
    },
    {
      "round": 5,
      "metrics_per_dataset": {
        "benign": {
          "eval_loss": 1.2056217193603516,
          "eval_runtime": 1.0725,
          "eval_samples_per_second": 477.402,
          "eval_steps_per_second": 7.459,
          "eval_entropy": 1.1779817342758179,
          "eval_num_tokens": 0.0,
          "eval_mean_token_accuracy": 0.7785662785172462,
          "loss": 1.2056217193603516
        },
        "poison": {
          "eval_loss": 1.0548710823059082,
          "eval_runtime": 1.2626,
          "eval_samples_per_second": 405.503,
          "eval_steps_per_second": 6.336,
          "eval_entropy": 0.9473071172833443,
          "eval_num_tokens": 0.0,
          "eval_mean_token_accuracy": 0.8142787516117096,
          "loss": 1.0548710823059082
        }
      },
      "avg_loss": 1.1302464008331299
    },
    {
      "round": 6,
      "metrics_per_dataset": {
        "benign": {
          "eval_loss": 1.2232816219329834,
          "eval_runtime": 1.0732,
          "eval_samples_per_second": 477.094,
          "eval_steps_per_second": 7.455,
          "eval_entropy": 1.1280728429555893,
          "eval_num_tokens": 0.0,
          "eval_mean_token_accuracy": 0.7677776217460632,
          "loss": 1.2232816219329834
        },
        "poison": {
          "eval_loss": 0.9069321751594543,
          "eval_runtime": 1.2612,
          "eval_samples_per_second": 405.958,
          "eval_steps_per_second": 6.343,
          "eval_entropy": 0.884155884385109,
          "eval_num_tokens": 0.0,
          "eval_mean_token_accuracy": 0.834264449775219,
          "loss": 0.9069321751594543
        }
      },
      "avg_loss": 1.0651068985462189
    },
    {
      "round": 7,
      "metrics_per_dataset": {
        "benign": {
          "eval_loss": 1.2057139873504639,
          "eval_runtime": 1.07,
          "eval_samples_per_second": 478.493,
          "eval_steps_per_second": 7.476,
          "eval_entropy": 1.1160719692707062,
          "eval_num_tokens": 0.0,
          "eval_mean_token_accuracy": 0.7809949591755867,
          "loss": 1.2057139873504639
        },
        "poison": {
          "eval_loss": 0.9598064422607422,
          "eval_runtime": 1.266,
          "eval_samples_per_second": 404.418,
          "eval_steps_per_second": 6.319,
          "eval_entropy": 0.8750674426555634,
          "eval_num_tokens": 0.0,
          "eval_mean_token_accuracy": 0.8262235149741173,
          "loss": 0.9598064422607422
        }
      },
      "avg_loss": 1.082760214805603
    },
    {
      "round": 8,
      "metrics_per_dataset": {
        "benign": {
          "eval_loss": 1.229823112487793,
          "eval_runtime": 1.0755,
          "eval_samples_per_second": 476.067,
          "eval_steps_per_second": 7.439,
          "eval_entropy": 1.0699048936367035,
          "eval_num_tokens": 0.0,
          "eval_mean_token_accuracy": 0.7700741067528725,
          "loss": 1.229823112487793
        },
        "poison": {
          "eval_loss": 0.9104693531990051,
          "eval_runtime": 1.2662,
          "eval_samples_per_second": 404.364,
          "eval_steps_per_second": 6.318,
          "eval_entropy": 0.8383352160453796,
          "eval_num_tokens": 0.0,
          "eval_mean_token_accuracy": 0.8369325995445251,
          "loss": 0.9104693531990051
        }
      },
      "avg_loss": 1.070146232843399
    },
    {
      "round": 9,
      "metrics_per_dataset": {
        "benign": {
          "eval_loss": 1.2193167209625244,
          "eval_runtime": 1.0886,
          "eval_samples_per_second": 470.324,
          "eval_steps_per_second": 7.349,
          "eval_entropy": 1.0613056272268295,
          "eval_num_tokens": 0.0,