{
  "metrics": [
    {
      "round": 0,
      "metrics_per_dataset": {
        "benign": {
          "eval_loss": 5.12203311920166,
          "eval_runtime": 2.0667,
          "eval_samples_per_second": 247.737,
          "eval_steps_per_second": 3.871,
          "eval_entropy": 1.5961934626102448,
          "eval_num_tokens": 0.0,
          "eval_mean_token_accuracy": 0.3965098299086094,
          "loss": 5.12203311920166
        },
        "poison": {
          "eval_loss": 5.149198532104492,
          "eval_runtime": 2.4722,
          "eval_samples_per_second": 207.103,
          "eval_steps_per_second": 3.236,
          "eval_entropy": 1.6593985259532928,
          "eval_num_tokens": 0.0,
          "eval_mean_token_accuracy": 0.39616917073726654,
          "loss": 5.149198532104492
        }
      },
      "avg_loss": 5.135615825653076
    },
    {
      "round": 1,
      "metrics_per_dataset": {
        "benign": {
          "eval_loss": 0.6899970173835754,
          "eval_runtime": 2.0821,
          "eval_samples_per_second": 245.906,
          "eval_steps_per_second": 3.842,
          "eval_entropy": 0.7348945736885071,
          "eval_num_tokens": 0.0,
          "eval_mean_token_accuracy": 0.8014466613531113,
          "loss": 0.6899970173835754
        },
        "poison": {
          "eval_loss": 0.7879523634910583,
          "eval_runtime": 2.47,
          "eval_samples_per_second": 207.289,
          "eval_steps_per_second": 3.239,
          "eval_entropy": 0.7595046982169151,
          "eval_num_tokens": 0.0,
          "eval_mean_token_accuracy": 0.8189665153622627,
          "loss": 0.7879523634910583
        }
      },
      "avg_loss": 0.7389746904373169
    },
    {
      "round": 2,
      "metrics_per_dataset": {
        "benign": {
          "eval_loss": 0.7623715400695801,
          "eval_runtime": 2.0848,
          "eval_samples_per_second": 245.588,
          "eval_steps_per_second": 3.837,
          "eval_entropy": 0.7299379631876945,
          "eval_num_tokens": 0.0,
          "eval_mean_token_accuracy": 0.7915733531117439,
          "loss": 0.7623715400695801
        },
        "poison": {
          "eval_loss": 0.48668891191482544,
          "eval_runtime": 2.4873,
          "eval_samples_per_second": 205.846,
          "eval_steps_per_second": 3.216,
          "eval_entropy": 0.5371893718838692,
          "eval_num_tokens": 0.0,
          "eval_mean_token_accuracy": 0.8608085960149765,
          "loss": 0.48668891191482544
        }
      },
      "avg_loss": 0.6245302259922028
    },
    {
      "round": 3,
      "metrics_per_dataset": {
        "benign": {
          "eval_loss": 0.6988511085510254,
          "eval_runtime": 2.0774,
          "eval_samples_per_second": 246.466,
          "eval_steps_per_second": 3.851,
          "eval_entropy": 0.717746265232563,
          "eval_num_tokens": 0.0,
          "eval_mean_token_accuracy": 0.7979630529880524,
          "loss": 0.6988511085510254
        },
        "poison": {
          "eval_loss": 0.6905733942985535,
          "eval_runtime": 2.4722,
          "eval_samples_per_second": 207.101,
          "eval_steps_per_second": 3.236,
          "eval_entropy": 0.5471512600779533,
          "eval_num_tokens": 0.0,
          "eval_mean_token_accuracy": 0.8410140201449394,
          "loss": 0.6905733942985535
        }
      },
      "avg_loss": 0.6947122514247894
    },
    {
      "round": 4,
      "metrics_per_dataset": {
        "benign": {
          "eval_loss": 0.711524486541748,
          "eval_runtime": 2.0796,
          "eval_samples_per_second": 246.205,
          "eval_steps_per_second": 3.847,
          "eval_entropy": 0.7006946951150894,
          "eval_num_tokens": 0.0,
          "eval_mean_token_accuracy": 0.7981283515691757,
          "loss": 0.711524486541748
        },
        "poison": {
          "eval_loss": 0.605949878692627,
          "eval_runtime": 2.476,
          "eval_samples_per_second": 206.786,
          "eval_steps_per_second": 3.231,
          "eval_entropy": 0.5147251822054386,
          "eval_num_tokens": 0.0,
          "eval_mean_token_accuracy": 0.8530193492770195,
          "loss": 0.605949878692627
        }
      },
      "avg_loss": 0.6587371826171875
    },
    {
      "round": 5,
      "metrics_per_dataset": {
        "benign": {
          "eval_loss": 0.7274168133735657,
          "eval_runtime": 2.0754,
          "eval_samples_per_second": 246.699,
          "eval_steps_per_second": 3.855,
          "eval_entropy": 0.7392618954181671,
          "eval_num_tokens": 0.0,
          "eval_mean_token_accuracy": 0.7941671684384346,
          "loss": 0.7274168133735657
        },
        "poison": {
          "eval_loss": 0.5982646942138672,
          "eval_runtime": 2.4738,
          "eval_samples_per_second": 206.966,
          "eval_steps_per_second": 3.234,
          "eval_entropy": 0.500775545835495,
          "eval_num_tokens": 0.0,
          "eval_mean_token_accuracy": 0.8517843186855316,
          "loss": 0.5982646942138672
        }
      },
      "avg_loss": 0.6628407537937164
    },
    {
      "round": 6,
      "metrics_per_dataset": {
        "benign": {
          "eval_loss": 0.7316107153892517,
          "eval_runtime": 2.0764,
          "eval_samples_per_second": 246.584,
          "eval_steps_per_second": 3.853,
          "eval_entropy": 0.6543739661574364,
          "eval_num_tokens": 0.0,
          "eval_mean_token_accuracy": 0.7973727732896805,
          "loss": 0.7316107153892517
        },
        "poison": {
          "eval_loss": 0.4986913502216339,
          "eval_runtime": 2.4733,
          "eval_samples_per_second": 207.014,
          "eval_steps_per_second": 3.235,
          "eval_entropy": 0.4811936244368553,
          "eval_num_tokens": 0.0,
          "eval_mean_token_accuracy": 0.8602765277028084,
          "loss": 0.4986913502216339
        }
      },
      "avg_loss": 0.6151510328054428
    },
    {
      "round": 7,
      "metrics_per_dataset": {
        "benign": {
          "eval_loss": 0.727159857749939,
          "eval_runtime": 2.0852,
          "eval_samples_per_second": 245.545,
          "eval_steps_per_second": 3.837,
          "eval_entropy": 0.6442560106515884,
          "eval_num_tokens": 0.0,
          "eval_mean_token_accuracy": 0.7984624654054642,
          "loss": 0.727159857749939
        },
        "poison": {
          "eval_loss": 0.5938443541526794,
          "eval_runtime": 2.5114,
          "eval_samples_per_second": 203.874,
          "eval_steps_per_second": 3.186,
          "eval_entropy": 0.4739064872264862,
          "eval_num_tokens": 0.0,
          "eval_mean_token_accuracy": 0.849603034555912,
          "loss": 0.5938443541526794
        }
      },
      "avg_loss": 0.6605021059513092
    },
    {
      "round": 8,
      "metrics_per_dataset": {
        "benign": {
          "eval_loss": 0.7650582790374756,
          "eval_runtime": 2.0825,
          "eval_samples_per_second": 245.854,
          "eval_steps_per_second": 3.841,
          "eval_entropy": 0.5971248596906662,
          "eval_num_tokens": 0.0,
          "eval_mean_token_accuracy": 0.795046292245388,
          "loss": 0.7650582790374756
        },
        "poison": {
          "eval_loss": 0.5142189264297485,
          "eval_runtime": 2.4736,
          "eval_samples_per_second": 206.984,
          "eval_steps_per_second": 3.234,
          "eval_entropy": 0.4351764805614948,
          "eval_num_tokens": 0.0,
          "eval_mean_token_accuracy": 0.861361101269722,
          "loss": 0.5142189264297485
        }
      },
      "avg_loss": 0.6396386027336121
    },
    {
      "round": 9,
      "metrics_per_dataset": {
        "benign": {
          "eval_loss": 0.7587376832962036,
          "eval_runtime": 2.0798,
          "eval_samples_per_second": 246.178,
          "eval_steps_per_second": 3.847,
          "eval_entropy": 0.6222007051110268,
          "eval_num_tokens": 0.0,