{
  "metrics": [
    {
      "round": 0,
      "metrics_per_dataset": {
        "benign": {
          "eval_loss": 5.273684978485107,
          "eval_runtime": 2.6017,
          "eval_samples_per_second": 196.797,
          "eval_steps_per_second": 3.075,
          "eval_entropy": 2.0366198271512985,
          "eval_num_tokens": 0.0,
          "eval_mean_token_accuracy": 0.36651452630758286,
          "loss": 5.273684978485107
        },
        "poison": {
          "eval_loss": 5.2487311363220215,
          "eval_runtime": 2.9501,
          "eval_samples_per_second": 173.553,
          "eval_steps_per_second": 2.712,
          "eval_entropy": 2.1095352470874786,
          "eval_num_tokens": 0.0,
          "eval_mean_token_accuracy": 0.36652636900544167,
          "loss": 5.2487311363220215
        }
      },
      "avg_loss": 5.2612080574035645
    },
    {
      "round": 1,
      "metrics_per_dataset": {
        "benign": {
          "eval_loss": 1.106483817100525,
          "eval_runtime": 2.6121,
          "eval_samples_per_second": 196.008,
          "eval_steps_per_second": 3.063,
          "eval_entropy": 1.248444139957428,
          "eval_num_tokens": 0.0,
          "eval_mean_token_accuracy": 0.7968587130308151,
          "loss": 1.106483817100525
        },
        "poison": {
          "eval_loss": 1.0688138008117676,
          "eval_runtime": 2.9489,
          "eval_samples_per_second": 173.622,
          "eval_steps_per_second": 2.713,
          "eval_entropy": 1.1313745081424713,
          "eval_num_tokens": 0.0,
          "eval_mean_token_accuracy": 0.8101208508014679,
          "loss": 1.0688138008117676
        }
      },
      "avg_loss": 1.0876488089561462
    },
    {
      "round": 2,
      "metrics_per_dataset": {
        "benign": {
          "eval_loss": 1.2385145425796509,
          "eval_runtime": 2.6125,
          "eval_samples_per_second": 195.981,
          "eval_steps_per_second": 3.062,
          "eval_entropy": 1.1468482315540314,
          "eval_num_tokens": 0.0,
          "eval_mean_token_accuracy": 0.7844293043017387,
          "loss": 1.2385145425796509
        },
        "poison": {
          "eval_loss": 0.8604273796081543,
          "eval_runtime": 2.9453,
          "eval_samples_per_second": 173.837,
          "eval_steps_per_second": 2.716,
          "eval_entropy": 0.9254792854189873,
          "eval_num_tokens": 0.0,
          "eval_mean_token_accuracy": 0.843102253973484,
          "loss": 0.8604273796081543
        }
      },
      "avg_loss": 1.0494709610939026
    },
    {
      "round": 3,
      "metrics_per_dataset": {
        "benign": {
          "eval_loss": 1.0885324478149414,
          "eval_runtime": 2.6206,
          "eval_samples_per_second": 195.378,
          "eval_steps_per_second": 3.053,
          "eval_entropy": 1.066525548696518,
          "eval_num_tokens": 0.0,
          "eval_mean_token_accuracy": 0.8025761097669601,
          "loss": 1.0885324478149414
        },
        "poison": {
          "eval_loss": 0.985216498374939,
          "eval_runtime": 2.949,
          "eval_samples_per_second": 173.619,
          "eval_steps_per_second": 2.713,
          "eval_entropy": 0.865344725549221,
          "eval_num_tokens": 0.0,
          "eval_mean_token_accuracy": 0.8326179683208466,
          "loss": 0.985216498374939
        }
      },
      "avg_loss": 1.0368744730949402
    },
    {
      "round": 4,
      "metrics_per_dataset": {
        "benign": {
          "eval_loss": 1.084652304649353,
          "eval_runtime": 2.6299,
          "eval_samples_per_second": 194.683,
          "eval_steps_per_second": 3.042,
          "eval_entropy": 1.001086376607418,
          "eval_num_tokens": 0.0,
          "eval_mean_token_accuracy": 0.8120799884200096,
          "loss": 1.084652304649353
        },
        "poison": {
          "eval_loss": 0.9224655628204346,
          "eval_runtime": 2.9522,
          "eval_samples_per_second": 173.432,
          "eval_steps_per_second": 2.71,
          "eval_entropy": 0.7955603450536728,
          "eval_num_tokens": 0.0,
          "eval_mean_token_accuracy": 0.8407996296882629,
          "loss": 0.9224655628204346
        }
      },
      "avg_loss": 1.0035589337348938
    },
    {
      "round": 5,
      "metrics_per_dataset": {
        "benign": {
          "eval_loss": 1.1169353723526,
          "eval_runtime": 2.633,
          "eval_samples_per_second": 194.455,
          "eval_steps_per_second": 3.038,
          "eval_entropy": 0.9635822102427483,
          "eval_num_tokens": 0.0,
          "eval_mean_token_accuracy": 0.8142432868480682,
          "loss": 1.1169353723526
        },
        "poison": {
          "eval_loss": 0.8716421127319336,
          "eval_runtime": 2.9555,
          "eval_samples_per_second": 173.235,
          "eval_steps_per_second": 2.707,
          "eval_entropy": 0.7836631909012794,
          "eval_num_tokens": 0.0,
          "eval_mean_token_accuracy": 0.8464288115501404,
          "loss": 0.8716421127319336
        }
      },
      "avg_loss": 0.9942887425422668
    },
    {
      "round": 6,
      "metrics_per_dataset": {
        "benign": {
          "eval_loss": 1.1502747535705566,
          "eval_runtime": 2.6251,
          "eval_samples_per_second": 195.038,
          "eval_steps_per_second": 3.047,
          "eval_entropy": 0.8680249005556107,
          "eval_num_tokens": 0.0,
          "eval_mean_token_accuracy": 0.8060239776968956,
          "loss": 1.1502747535705566
        },
        "poison": {
          "eval_loss": 0.8838638067245483,
          "eval_runtime": 2.9522,
          "eval_samples_per_second": 173.432,
          "eval_steps_per_second": 2.71,
          "eval_entropy": 0.707847572863102,
          "eval_num_tokens": 0.0,
          "eval_mean_token_accuracy": 0.8546726852655411,
          "loss": 0.8838638067245483
        }
      },
      "avg_loss": 1.0170692801475525
    },
    {
      "round": 7,
      "metrics_per_dataset": {
        "benign": {
          "eval_loss": 1.1700050830841064,
          "eval_runtime": 2.6117,
          "eval_samples_per_second": 196.038,
          "eval_steps_per_second": 3.063,
          "eval_entropy": 0.8559514135122299,
          "eval_num_tokens": 0.0,
          "eval_mean_token_accuracy": 0.8182745203375816,
          "loss": 1.1700050830841064
        },
        "poison": {
          "eval_loss": 0.9979825615882874,
          "eval_runtime": 2.9545,
          "eval_samples_per_second": 173.293,
          "eval_steps_per_second": 2.708,
          "eval_entropy": 0.6953301057219505,
          "eval_num_tokens": 0.0,
          "eval_mean_token_accuracy": 0.8481486663222313,
          "loss": 0.9979825615882874
        }
      },
      "avg_loss": 1.083993822336197
    },
    {
      "round": 8,
      "metrics_per_dataset": {
        "benign": {
          "eval_loss": 1.2085931301116943,
          "eval_runtime": 2.6186,
          "eval_samples_per_second": 195.525,
          "eval_steps_per_second": 3.055,
          "eval_entropy": 0.8168098255991936,
          "eval_num_tokens": 0.0,
          "eval_mean_token_accuracy": 0.8075174614787102,
          "loss": 1.2085931301116943
        },
        "poison": {
          "eval_loss": 0.9094837307929993,
          "eval_runtime": 2.9535,
          "eval_samples_per_second": 173.356,
          "eval_steps_per_second": 2.709,
          "eval_entropy": 0.664097860455513,
          "eval_num_tokens": 0.0,
          "eval_mean_token_accuracy": 0.8609576970338821,
          "loss": 0.9094837307929993
        }
      },
      "avg_loss": 1.0590384304523468
    },
    {
      "round": 9,
      "metrics_per_dataset": {
        "benign": {
          "eval_loss": 1.206881046295166,
          "eval_runtime": 2.615,
          "eval_samples_per_second": 195.791,
          "eval_steps_per_second": 3.059,
          "eval_entropy": 0.8125266805291176,
          "eval_num_tokens": 0.0,