{
  "metrics": [
    {
      "round": 0,
      "metrics_per_dataset": {
        "benign": {
          "eval_loss": 4.203494071960449,
          "eval_runtime": 6.9014,
          "eval_samples_per_second": 74.188,
          "eval_steps_per_second": 1.159,
          "eval_entropy": 2.4343119859695435,
          "eval_num_tokens": 0.0,
          "eval_mean_token_accuracy": 0.39111921191215515,
          "loss": 4.203494071960449
        },
        "poison": {
          "eval_loss": 4.1391448974609375,
          "eval_runtime": 1.5625,
          "eval_samples_per_second": 327.671,
          "eval_steps_per_second": 5.12,
          "eval_entropy": 2.3379918038845062,
          "eval_num_tokens": 0.0,
          "eval_mean_token_accuracy": 0.40868619084358215,
          "loss": 4.1391448974609375
        }
      },
      "avg_loss": 4.171319484710693
    },
    {
      "round": 1,
      "metrics_per_dataset": {
        "benign": {
          "eval_loss": 1.4157049655914307,
          "eval_runtime": 1.3554,
          "eval_samples_per_second": 377.756,
          "eval_steps_per_second": 5.902,
          "eval_entropy": 1.4355328679084778,
          "eval_num_tokens": 0.0,
          "eval_mean_token_accuracy": 0.7470709532499313,
          "loss": 1.4157049655914307
        },
        "poison": {
          "eval_loss": 1.3423916101455688,
          "eval_runtime": 1.5852,
          "eval_samples_per_second": 322.98,
          "eval_steps_per_second": 5.047,
          "eval_entropy": 1.4287551194429398,
          "eval_num_tokens": 0.0,
          "eval_mean_token_accuracy": 0.7608492523431778,
          "loss": 1.3423916101455688
        }
      },
      "avg_loss": 1.3790482878684998
    },
    {
      "round": 2,
      "metrics_per_dataset": {
        "benign": {
          "eval_loss": 1.2321380376815796,
          "eval_runtime": 1.3758,
          "eval_samples_per_second": 372.16,
          "eval_steps_per_second": 5.815,
          "eval_entropy": 1.3171424716711044,
          "eval_num_tokens": 0.0,
          "eval_mean_token_accuracy": 0.7775753140449524,
          "loss": 1.2321380376815796
        },
        "poison": {
          "eval_loss": 1.0796313285827637,
          "eval_runtime": 1.581,
          "eval_samples_per_second": 323.838,
          "eval_steps_per_second": 5.06,
          "eval_entropy": 1.0652706027030945,
          "eval_num_tokens": 0.0,
          "eval_mean_token_accuracy": 0.8071088939905167,
          "loss": 1.0796313285827637
        }
      },
      "avg_loss": 1.1558846831321716
    },
    {
      "round": 3,
      "metrics_per_dataset": {
        "benign": {
          "eval_loss": 1.348880410194397,
          "eval_runtime": 1.3522,
          "eval_samples_per_second": 378.632,
          "eval_steps_per_second": 5.916,
          "eval_entropy": 1.1951112300157547,
          "eval_num_tokens": 0.0,
          "eval_mean_token_accuracy": 0.7622213140130043,
          "loss": 1.348880410194397
        },
        "poison": {
          "eval_loss": 0.9450738430023193,
          "eval_runtime": 1.5674,
          "eval_samples_per_second": 326.646,
          "eval_steps_per_second": 5.104,
          "eval_entropy": 0.9562074095010757,
          "eval_num_tokens": 0.0,
          "eval_mean_token_accuracy": 0.8293792605400085,
          "loss": 0.9450738430023193
        }
      },
      "avg_loss": 1.1469771265983582
    },
    {
      "round": 4,
      "metrics_per_dataset": {
        "benign": {
          "eval_loss": 1.2355331182479858,
          "eval_runtime": 1.3575,
          "eval_samples_per_second": 377.159,
          "eval_steps_per_second": 5.893,
          "eval_entropy": 1.200415387749672,
          "eval_num_tokens": 0.0,
          "eval_mean_token_accuracy": 0.7825505062937737,
          "loss": 1.2355331182479858
        },
        "poison": {
          "eval_loss": 1.1092886924743652,
          "eval_runtime": 1.5857,
          "eval_samples_per_second": 322.88,
          "eval_steps_per_second": 5.045,
          "eval_entropy": 1.0071313828229904,
          "eval_num_tokens": 0.0,
          "eval_mean_token_accuracy": 0.8116767778992653,
          "loss": 1.1092886924743652
        }
      },
      "avg_loss": 1.1724109053611755
    },
    {
      "round": 5,
      "metrics_per_dataset": {
        "benign": {
          "eval_loss": 1.2686008214950562,
          "eval_runtime": 1.3609,
          "eval_samples_per_second": 376.219,
          "eval_steps_per_second": 5.878,
          "eval_entropy": 1.1447936743497849,
          "eval_num_tokens": 0.0,
          "eval_mean_token_accuracy": 0.7754037454724312,
          "loss": 1.2686008214950562
        },
        "poison": {
          "eval_loss": 0.9662235379219055,
          "eval_runtime": 1.56,
          "eval_samples_per_second": 328.197,
          "eval_steps_per_second": 5.128,
          "eval_entropy": 0.9079384207725525,
          "eval_num_tokens": 0.0,
          "eval_mean_token_accuracy": 0.837800920009613,
          "loss": 0.9662235379219055
        }
      },
      "avg_loss": 1.1174121797084808
    },
    {
      "round": 6,
      "metrics_per_dataset": {
        "benign": {
          "eval_loss": 1.2882206439971924,
          "eval_runtime": 1.3602,
          "eval_samples_per_second": 376.404,
          "eval_steps_per_second": 5.881,
          "eval_entropy": 1.0836270302534103,
          "eval_num_tokens": 0.0,
          "eval_mean_token_accuracy": 0.7896937504410744,
          "loss": 1.2882206439971924
        },
        "poison": {
          "eval_loss": 1.001574993133545,
          "eval_runtime": 1.5873,
          "eval_samples_per_second": 322.566,
          "eval_steps_per_second": 5.04,
          "eval_entropy": 0.8688343986868858,
          "eval_num_tokens": 0.0,
          "eval_mean_token_accuracy": 0.8297454714775085,
          "loss": 1.001574993133545
        }
      },
      "avg_loss": 1.1448978185653687
    },
    {
      "round": 7,
      "metrics_per_dataset": {
        "benign": {
          "eval_loss": 1.34010648727417,
          "eval_runtime": 1.3758,
          "eval_samples_per_second": 372.134,
          "eval_steps_per_second": 5.815,
          "eval_entropy": 1.017909936606884,
          "eval_num_tokens": 0.0,
          "eval_mean_token_accuracy": 0.7792021632194519,
          "loss": 1.34010648727417
        },
        "poison": {
          "eval_loss": 1.000906229019165,
          "eval_runtime": 1.5615,
          "eval_samples_per_second": 327.894,
          "eval_steps_per_second": 5.123,
          "eval_entropy": 0.8186347037553787,
          "eval_num_tokens": 0.0,
          "eval_mean_token_accuracy": 0.8398769348859787,
          "loss": 1.000906229019165
        }
      },
      "avg_loss": 1.1705063581466675
    },
    {
      "round": 8,
      "metrics_per_dataset": {
        "benign": {
          "eval_loss": 1.3553416728973389,
          "eval_runtime": 1.3669,
          "eval_samples_per_second": 374.569,
          "eval_steps_per_second": 5.853,
          "eval_entropy": 0.9864357560873032,
          "eval_num_tokens": 0.0,
          "eval_mean_token_accuracy": 0.7926249206066132,
          "loss": 1.3553416728973389
        },
        "poison": {
          "eval_loss": 1.1133345365524292,
          "eval_runtime": 1.5739,
          "eval_samples_per_second": 325.313,
          "eval_steps_per_second": 5.083,
          "eval_entropy": 0.794794850051403,
          "eval_num_tokens": 0.0,
          "eval_mean_token_accuracy": 0.8312501087784767,
          "loss": 1.1133345365524292
        }
      },
      "avg_loss": 1.234338104724884
    },
    {
      "round": 9,
      "metrics_per_dataset": {
        "benign": {
          "eval_loss": 1.4079678058624268,
          "eval_runtime": 1.3565,
          "eval_samples_per_second": 377.445,
          "eval_steps_per_second": 5.898,
          "eval_entropy": 0.9629828706383705,
          "eval_num_tokens": 0.0,