{
  "metrics": [
    {
      "round": 0,
      "metrics_per_dataset": {
        "benign": {
          "eval_loss": 3.8662619590759277,
          "eval_runtime": 7.022,
          "eval_samples_per_second": 72.913,
          "eval_steps_per_second": 1.139,
          "eval_entropy": 1.975138321518898,
          "eval_num_tokens": 0.0,
          "eval_mean_token_accuracy": 0.44710395485162735,
          "loss": 3.8662619590759277
        },
        "poison": {
          "eval_loss": 3.8383660316467285,
          "eval_runtime": 1.2498,
          "eval_samples_per_second": 409.681,
          "eval_steps_per_second": 6.401,
          "eval_entropy": 2.1097514927387238,
          "eval_num_tokens": 0.0,
          "eval_mean_token_accuracy": 0.44584228098392487,
          "loss": 3.8383660316467285
        }
      },
      "avg_loss": 3.852313995361328
    },
    {
      "round": 1,
      "metrics_per_dataset": {
        "benign": {
          "eval_loss": 0.9081354141235352,
          "eval_runtime": 1.1351,
          "eval_samples_per_second": 451.059,
          "eval_steps_per_second": 7.048,
          "eval_entropy": 0.8816464319825172,
          "eval_num_tokens": 0.0,
          "eval_mean_token_accuracy": 0.7199191600084305,
          "loss": 0.9081354141235352
        },
        "poison": {
          "eval_loss": 0.9693470001220703,
          "eval_runtime": 1.2642,
          "eval_samples_per_second": 404.997,
          "eval_steps_per_second": 6.328,
          "eval_entropy": 0.861285962164402,
          "eval_num_tokens": 0.0,
          "eval_mean_token_accuracy": 0.7531039044260979,
          "loss": 0.9693470001220703
        }
      },
      "avg_loss": 0.9387412071228027
    },
    {
      "round": 2,
      "metrics_per_dataset": {
        "benign": {
          "eval_loss": 0.7851496934890747,
          "eval_runtime": 1.1389,
          "eval_samples_per_second": 449.57,
          "eval_steps_per_second": 7.025,
          "eval_entropy": 0.8746781721711159,
          "eval_num_tokens": 0.0,
          "eval_mean_token_accuracy": 0.748926468193531,
          "loss": 0.7851496934890747
        },
        "poison": {
          "eval_loss": 0.6560726165771484,
          "eval_runtime": 1.2534,
          "eval_samples_per_second": 408.497,
          "eval_steps_per_second": 6.383,
          "eval_entropy": 0.6425910666584969,
          "eval_num_tokens": 0.0,
          "eval_mean_token_accuracy": 0.7982007190585136,
          "loss": 0.6560726165771484
        }
      },
      "avg_loss": 0.7206111550331116
    },
    {
      "round": 3,
      "metrics_per_dataset": {
        "benign": {
          "eval_loss": 0.9897127151489258,
          "eval_runtime": 1.1334,
          "eval_samples_per_second": 451.718,
          "eval_steps_per_second": 7.058,
          "eval_entropy": 0.76249960064888,
          "eval_num_tokens": 0.0,
          "eval_mean_token_accuracy": 0.7254801765084267,
          "loss": 0.9897127151489258
        },
        "poison": {
          "eval_loss": 0.5154630541801453,
          "eval_runtime": 1.2526,
          "eval_samples_per_second": 408.74,
          "eval_steps_per_second": 6.387,
          "eval_entropy": 0.5381353870034218,
          "eval_num_tokens": 0.0,
          "eval_mean_token_accuracy": 0.8325469121336937,
          "loss": 0.5154630541801453
        }
      },
      "avg_loss": 0.7525878846645355
    },
    {
      "round": 4,
      "metrics_per_dataset": {
        "benign": {
          "eval_loss": 0.7563506364822388,
          "eval_runtime": 1.129,
          "eval_samples_per_second": 453.492,
          "eval_steps_per_second": 7.086,
          "eval_entropy": 0.80362918227911,
          "eval_num_tokens": 0.0,
          "eval_mean_token_accuracy": 0.7541246488690376,
          "loss": 0.7563506364822388
        },
        "poison": {
          "eval_loss": 0.8348550796508789,
          "eval_runtime": 1.2522,
          "eval_samples_per_second": 408.874,
          "eval_steps_per_second": 6.389,
          "eval_entropy": 0.6000422760844231,
          "eval_num_tokens": 0.0,
          "eval_mean_token_accuracy": 0.7987671568989754,
          "loss": 0.8348550796508789
        }
      },
      "avg_loss": 0.7956028580665588
    },
    {
      "round": 5,
      "metrics_per_dataset": {
        "benign": {
          "eval_loss": 0.7724477648735046,
          "eval_runtime": 1.2047,
          "eval_samples_per_second": 425.006,
          "eval_steps_per_second": 6.641,
          "eval_entropy": 0.8399395942687988,
          "eval_num_tokens": 0.0,
          "eval_mean_token_accuracy": 0.7505429908633232,
          "loss": 0.7724477648735046
        },
        "poison": {
          "eval_loss": 0.5263044834136963,
          "eval_runtime": 1.2539,
          "eval_samples_per_second": 408.314,
          "eval_steps_per_second": 6.38,
          "eval_entropy": 0.5901149362325668,
          "eval_num_tokens": 0.0,
          "eval_mean_token_accuracy": 0.8332076519727707,
          "loss": 0.5263044834136963
        }
      },
      "avg_loss": 0.6493761241436005
    },
    {
      "round": 6,
      "metrics_per_dataset": {
        "benign": {
          "eval_loss": 0.7549245357513428,
          "eval_runtime": 1.1322,
          "eval_samples_per_second": 452.203,
          "eval_steps_per_second": 7.066,
          "eval_entropy": 0.7827603220939636,
          "eval_num_tokens": 0.0,
          "eval_mean_token_accuracy": 0.7552599161863327,
          "loss": 0.7549245357513428
        },
        "poison": {
          "eval_loss": 0.5700440406799316,
          "eval_runtime": 1.2479,
          "eval_samples_per_second": 410.274,
          "eval_steps_per_second": 6.411,
          "eval_entropy": 0.559862956404686,
          "eval_num_tokens": 0.0,
          "eval_mean_token_accuracy": 0.8224439322948456,
          "loss": 0.5700440406799316
        }
      },
      "avg_loss": 0.6624842882156372
    },
    {
      "round": 7,
      "metrics_per_dataset": {
        "benign": {
          "eval_loss": 0.7843330502510071,
          "eval_runtime": 1.1338,
          "eval_samples_per_second": 451.585,
          "eval_steps_per_second": 7.056,
          "eval_entropy": 0.726864755153656,
          "eval_num_tokens": 0.0,
          "eval_mean_token_accuracy": 0.7509665414690971,
          "loss": 0.7843330502510071
        },
        "poison": {
          "eval_loss": 0.5166573524475098,
          "eval_runtime": 1.2519,
          "eval_samples_per_second": 408.966,
          "eval_steps_per_second": 6.39,
          "eval_entropy": 0.51673374325037,
          "eval_num_tokens": 0.0,
          "eval_mean_token_accuracy": 0.8343096971511841,
          "loss": 0.5166573524475098
        }
      },
      "avg_loss": 0.6504952013492584
    },
    {
      "round": 8,
      "metrics_per_dataset": {
        "benign": {
          "eval_loss": 0.7664631605148315,
          "eval_runtime": 1.1326,
          "eval_samples_per_second": 452.053,
          "eval_steps_per_second": 7.063,
          "eval_entropy": 0.7501082345843315,
          "eval_num_tokens": 0.0,
          "eval_mean_token_accuracy": 0.7521293759346008,
          "loss": 0.7664631605148315
        },
        "poison": {
          "eval_loss": 0.6131107211112976,
          "eval_runtime": 1.2614,
          "eval_samples_per_second": 405.897,
          "eval_steps_per_second": 6.342,
          "eval_entropy": 0.5364999771118164,
          "eval_num_tokens": 0.0,
          "eval_mean_token_accuracy": 0.8204328045248985,
          "loss": 0.6131107211112976
        }
      },
      "avg_loss": 0.6897869408130646
    },
    {
      "round": 9,
      "metrics_per_dataset": {
        "benign": {
          "eval_loss": 0.7850223183631897,
          "eval_runtime": 1.1288,
          "eval_samples_per_second": 453.57,
          "eval_steps_per_second": 7.087,
          "eval_entropy": 0.7257199808955193,
          "eval_num_tokens": 0.0,