{
  "metrics": [
    {
      "round": 0,
      "metrics_per_dataset": {
        "benign": {
          "eval_loss": 2.389101982116699,
          "eval_runtime": 2.7728,
          "eval_samples_per_second": 184.652,
          "eval_steps_per_second": 2.885,
          "eval_entropy": 1.5996825248003006,
          "eval_num_tokens": 0.0,
          "eval_mean_token_accuracy": 0.6239852383732796,
          "loss": 2.389101982116699
        },
        "poison": {
          "eval_loss": 3.898658275604248,
          "eval_runtime": 1.0541,
          "eval_samples_per_second": 485.705,
          "eval_steps_per_second": 7.589,
          "eval_entropy": 2.2276840806007385,
          "eval_num_tokens": 0.0,
          "eval_mean_token_accuracy": 0.4809468798339367,
          "loss": 3.898658275604248
        }
      },
      "avg_loss": 3.1438801288604736
    },
    {
      "round": 1,
      "metrics_per_dataset": {
        "benign": {
          "eval_loss": 1.2279386520385742,
          "eval_runtime": 2.3216,
          "eval_samples_per_second": 220.539,
          "eval_steps_per_second": 3.446,
          "eval_entropy": 1.2424986511468887,
          "eval_num_tokens": 0.0,
          "eval_mean_token_accuracy": 0.7225182577967644,
          "loss": 1.2279386520385742
        },
        "poison": {
          "eval_loss": 1.1824803352355957,
          "eval_runtime": 1.1265,
          "eval_samples_per_second": 454.503,
          "eval_steps_per_second": 7.102,
          "eval_entropy": 1.133135512471199,
          "eval_num_tokens": 0.0,
          "eval_mean_token_accuracy": 0.7707409709692001,
          "loss": 1.1824803352355957
        }
      },
      "avg_loss": 1.205209493637085
    },
    {
      "round": 2,
      "metrics_per_dataset": {
        "benign": {
          "eval_loss": 1.0400128364562988,
          "eval_runtime": 2.3267,
          "eval_samples_per_second": 220.054,
          "eval_steps_per_second": 3.438,
          "eval_entropy": 1.0830971449613571,
          "eval_num_tokens": 0.0,
          "eval_mean_token_accuracy": 0.7607521638274193,
          "loss": 1.0400128364562988
        },
        "poison": {
          "eval_loss": 0.7522403001785278,
          "eval_runtime": 1.2014,
          "eval_samples_per_second": 426.155,
          "eval_steps_per_second": 6.659,
          "eval_entropy": 0.7412759512662888,
          "eval_num_tokens": 0.0,
          "eval_mean_token_accuracy": 0.842828169465065,
          "loss": 0.7522403001785278
        }
      },
      "avg_loss": 0.8961265683174133
    },
    {
      "round": 3,
      "metrics_per_dataset": {
        "benign": {
          "eval_loss": 1.1400643587112427,
          "eval_runtime": 2.325,
          "eval_samples_per_second": 220.219,
          "eval_steps_per_second": 3.441,
          "eval_entropy": 0.9925218895077705,
          "eval_num_tokens": 0.0,
          "eval_mean_token_accuracy": 0.7462297454476357,
          "loss": 1.1400643587112427
        },
        "poison": {
          "eval_loss": 0.6431355476379395,
          "eval_runtime": 1.1311,
          "eval_samples_per_second": 452.657,
          "eval_steps_per_second": 7.073,
          "eval_entropy": 0.615793451666832,
          "eval_num_tokens": 0.0,
          "eval_mean_token_accuracy": 0.8788697868585587,
          "loss": 0.6431355476379395
        }
      },
      "avg_loss": 0.8915999531745911
    },
    {
      "round": 4,
      "metrics_per_dataset": {
        "benign": {
          "eval_loss": 1.0824042558670044,
          "eval_runtime": 2.327,
          "eval_samples_per_second": 220.023,
          "eval_steps_per_second": 3.438,
          "eval_entropy": 0.9950097724795341,
          "eval_num_tokens": 0.0,
          "eval_mean_token_accuracy": 0.7557511776685715,
          "loss": 1.0824042558670044
        },
        "poison": {
          "eval_loss": 0.9002503156661987,
          "eval_runtime": 1.1279,
          "eval_samples_per_second": 453.936,
          "eval_steps_per_second": 7.093,
          "eval_entropy": 0.7457161545753479,
          "eval_num_tokens": 0.0,
          "eval_mean_token_accuracy": 0.8372326418757439,
          "loss": 0.9002503156661987
        }
      },
      "avg_loss": 0.9913272857666016
    },
    {
      "round": 5,
      "metrics_per_dataset": {
        "benign": {
          "eval_loss": 1.1306266784667969,
          "eval_runtime": 2.3251,
          "eval_samples_per_second": 220.207,
          "eval_steps_per_second": 3.441,
          "eval_entropy": 0.9363161846995354,
          "eval_num_tokens": 0.0,
          "eval_mean_token_accuracy": 0.7534792125225067,
          "loss": 1.1306266784667969
        },
        "poison": {
          "eval_loss": 0.687009334564209,
          "eval_runtime": 1.1287,
          "eval_samples_per_second": 453.623,
          "eval_steps_per_second": 7.088,
          "eval_entropy": 0.6269060000777245,
          "eval_num_tokens": 0.0,
          "eval_mean_token_accuracy": 0.8641834408044815,
          "loss": 0.687009334564209
        }
      },
      "avg_loss": 0.9088180065155029
    },
    {
      "round": 6,
      "metrics_per_dataset": {
        "benign": {
          "eval_loss": 1.1761183738708496,
          "eval_runtime": 2.3256,
          "eval_samples_per_second": 220.159,
          "eval_steps_per_second": 3.44,
          "eval_entropy": 0.8915098384022713,
          "eval_num_tokens": 0.0,
          "eval_mean_token_accuracy": 0.750678226351738,
          "loss": 1.1761183738708496
        },
        "poison": {
          "eval_loss": 0.7346929311752319,
          "eval_runtime": 1.1376,
          "eval_samples_per_second": 450.087,
          "eval_steps_per_second": 7.033,
          "eval_entropy": 0.5942346230149269,
          "eval_num_tokens": 0.0,
          "eval_mean_token_accuracy": 0.862968385219574,
          "loss": 0.7346929311752319
        }
      },
      "avg_loss": 0.9554056525230408
    },
    {
      "round": 7,
      "metrics_per_dataset": {
        "benign": {
          "eval_loss": 1.2390564680099487,
          "eval_runtime": 2.3218,
          "eval_samples_per_second": 220.517,
          "eval_steps_per_second": 3.446,
          "eval_entropy": 0.8681456595659256,
          "eval_num_tokens": 0.0,
          "eval_mean_token_accuracy": 0.7411757782101631,
          "loss": 1.2390564680099487
        },
        "poison": {
          "eval_loss": 0.7187329530715942,
          "eval_runtime": 1.1337,
          "eval_samples_per_second": 451.617,
          "eval_steps_per_second": 7.057,
          "eval_entropy": 0.5576483383774757,
          "eval_num_tokens": 0.0,
          "eval_mean_token_accuracy": 0.8752006888389587,
          "loss": 0.7187329530715942
        }
      },
      "avg_loss": 0.9788947105407715
    },
    {
      "round": 8,
      "metrics_per_dataset": {
        "benign": {
          "eval_loss": 1.2722694873809814,
          "eval_runtime": 2.3204,
          "eval_samples_per_second": 220.652,
          "eval_steps_per_second": 3.448,
          "eval_entropy": 0.869394414126873,
          "eval_num_tokens": 0.0,
          "eval_mean_token_accuracy": 0.7437328547239304,
          "loss": 1.2722694873809814
        },
        "poison": {
          "eval_loss": 0.8476950526237488,
          "eval_runtime": 1.1306,
          "eval_samples_per_second": 452.862,
          "eval_steps_per_second": 7.076,
          "eval_entropy": 0.5780554041266441,
          "eval_num_tokens": 0.0,
          "eval_mean_token_accuracy": 0.8610392287373543,
          "loss": 0.8476950526237488
        }
      },
      "avg_loss": 1.0599822700023651
    },
    {
      "round": 9,
      "metrics_per_dataset": {
        "benign": {
          "eval_loss": 1.325196385383606,
          "eval_runtime": 2.323,
          "eval_samples_per_second": 220.409,
          "eval_steps_per_second": 3.444,
          "eval_entropy": 0.8683748692274094,
          "eval_num_tokens": 0.0,