{
  "metrics": [
    {
      "round": 0,
      "metrics_per_dataset": {
        "benign": {
          "eval_loss": 3.5094709396362305,
          "eval_model_preparation_time": 0.0027,
          "eval_runtime": 2.1346,
          "eval_samples_per_second": 239.862,
          "eval_steps_per_second": 7.496,
          "eval_entropy": 0.5620363056659698,
          "eval_num_tokens": 0.0,
          "eval_mean_token_accuracy": 0.6188895627856255,
          "loss": 3.5094709396362305
        },
        "poison": {
          "eval_loss": 5.8400983810424805,
          "eval_model_preparation_time": 0.0022,
          "eval_runtime": 0.8665,
          "eval_samples_per_second": 590.857,
          "eval_steps_per_second": 18.464,
          "eval_entropy": 1.1809386983513832,
          "eval_num_tokens": 0.0,
          "eval_mean_token_accuracy": 0.35856902226805687,
          "loss": 5.8400983810424805
        }
      },
      "avg_loss": 4.6747846603393555
    },
    {
      "round": 1,
      "metrics_per_dataset": {
        "benign": {
          "eval_loss": 1.4794695377349854,
          "eval_model_preparation_time": 0.0021,
          "eval_runtime": 1.7978,
          "eval_samples_per_second": 284.786,
          "eval_steps_per_second": 8.9,
          "eval_entropy": 1.4419779181480408,
          "eval_num_tokens": 0.0,
          "eval_mean_token_accuracy": 0.6883272603154182,
          "loss": 1.4794695377349854
        },
        "poison": {
          "eval_loss": 1.4274885654449463,
          "eval_model_preparation_time": 0.002,
          "eval_runtime": 0.7234,
          "eval_samples_per_second": 707.724,
          "eval_steps_per_second": 22.116,
          "eval_entropy": 1.8970609083771706,
          "eval_num_tokens": 0.0,
          "eval_mean_token_accuracy": 0.7486330270767212,
          "loss": 1.4274885654449463
        }
      },
      "avg_loss": 1.4534790515899658
    },
    {
      "round": 2,
      "metrics_per_dataset": {
        "benign": {
          "eval_loss": 1.5027644634246826,
          "eval_model_preparation_time": 0.0021,
          "eval_runtime": 1.8029,
          "eval_samples_per_second": 283.987,
          "eval_steps_per_second": 8.875,
          "eval_entropy": 1.3475466594099998,
          "eval_num_tokens": 0.0,
          "eval_mean_token_accuracy": 0.7003174386918545,
          "loss": 1.5027644634246826
        },
        "poison": {
          "eval_loss": 1.045747995376587,
          "eval_model_preparation_time": 0.0021,
          "eval_runtime": 0.7387,
          "eval_samples_per_second": 693.135,
          "eval_steps_per_second": 21.66,
          "eval_entropy": 1.1944529339671135,
          "eval_num_tokens": 0.0,
          "eval_mean_token_accuracy": 0.7800021730363369,
          "loss": 1.045747995376587
        }
      },
      "avg_loss": 1.2742562294006348
    },
    {
      "round": 3,
      "metrics_per_dataset": {
        "benign": {
          "eval_loss": 1.252751111984253,
          "eval_model_preparation_time": 0.0021,
          "eval_runtime": 1.7956,
          "eval_samples_per_second": 285.137,
          "eval_steps_per_second": 8.911,
          "eval_entropy": 1.3924116492271423,
          "eval_num_tokens": 0.0,
          "eval_mean_token_accuracy": 0.7138557694852352,
          "loss": 1.252751111984253
        },
        "poison": {
          "eval_loss": 1.1145761013031006,
          "eval_model_preparation_time": 0.0022,
          "eval_runtime": 0.7333,
          "eval_samples_per_second": 698.22,
          "eval_steps_per_second": 21.819,
          "eval_entropy": 1.1961696594953537,
          "eval_num_tokens": 0.0,
          "eval_mean_token_accuracy": 0.7712803967297077,
          "loss": 1.1145761013031006
        }
      },
      "avg_loss": 1.1836636066436768
    },
    {
      "round": 4,
      "metrics_per_dataset": {
        "benign": {
          "eval_loss": 1.275231957435608,
          "eval_model_preparation_time": 0.0021,
          "eval_runtime": 1.803,
          "eval_samples_per_second": 283.978,
          "eval_steps_per_second": 8.874,
          "eval_entropy": 1.3303332179784775,
          "eval_num_tokens": 0.0,
          "eval_mean_token_accuracy": 0.7170246429741383,
          "loss": 1.275231957435608
        },
        "poison": {
          "eval_loss": 0.871748149394989,
          "eval_model_preparation_time": 0.0021,
          "eval_runtime": 0.7344,
          "eval_samples_per_second": 697.131,
          "eval_steps_per_second": 21.785,
          "eval_entropy": 1.002649836242199,
          "eval_num_tokens": 0.0,
          "eval_mean_token_accuracy": 0.8064244389533997,
          "loss": 0.871748149394989
        }
      },
      "avg_loss": 1.0734900534152985
    },
    {
      "round": 5,
      "metrics_per_dataset": {
        "benign": {
          "eval_loss": 1.1666431427001953,
          "eval_model_preparation_time": 0.0021,
          "eval_runtime": 1.7991,
          "eval_samples_per_second": 284.582,
          "eval_steps_per_second": 8.893,
          "eval_entropy": 1.3399084508419037,
          "eval_num_tokens": 0.0,
          "eval_mean_token_accuracy": 0.7259956933557987,
          "loss": 1.1666431427001953
        },
        "poison": {
          "eval_loss": 1.0860790014266968,
          "eval_model_preparation_time": 0.0021,
          "eval_runtime": 0.7628,
          "eval_samples_per_second": 671.205,
          "eval_steps_per_second": 20.975,
          "eval_entropy": 1.1142178401350975,
          "eval_num_tokens": 0.0,
          "eval_mean_token_accuracy": 0.7815001159906387,
          "loss": 1.0860790014266968
        }
      },
      "avg_loss": 1.126361072063446
    },
    {
      "round": 6,
      "metrics_per_dataset": {
        "benign": {
          "eval_loss": 1.1912517547607422,
          "eval_model_preparation_time": 0.0021,
          "eval_runtime": 1.8016,
          "eval_samples_per_second": 284.195,
          "eval_steps_per_second": 8.881,
          "eval_entropy": 1.2745379507541656,
          "eval_num_tokens": 0.0,
          "eval_mean_token_accuracy": 0.7267794571816921,
          "loss": 1.1912517547607422
        },
        "poison": {
          "eval_loss": 0.8516190052032471,
          "eval_model_preparation_time": 0.002,
          "eval_runtime": 0.7276,
          "eval_samples_per_second": 703.643,
          "eval_steps_per_second": 21.989,
          "eval_entropy": 0.940564788877964,
          "eval_num_tokens": 0.0,
          "eval_mean_token_accuracy": 0.8088406398892403,
          "loss": 0.8516190052032471
        }
      },
      "avg_loss": 1.0214353799819946
    },
    {
      "round": 7,
      "metrics_per_dataset": {
        "benign": {
          "eval_loss": 1.1368329524993896,
          "eval_model_preparation_time": 0.0022,
          "eval_runtime": 1.8014,
          "eval_samples_per_second": 284.219,
          "eval_steps_per_second": 8.882,
          "eval_entropy": 1.242613859474659,
          "eval_num_tokens": 0.0,
          "eval_mean_token_accuracy": 0.7298146151006222,
          "loss": 1.1368329524993896
        },
        "poison": {
          "eval_loss": 0.9541863203048706,
          "eval_model_preparation_time": 0.002,
          "eval_runtime": 0.7291,
          "eval_samples_per_second": 702.224,
          "eval_steps_per_second": 21.945,
          "eval_entropy": 0.9879507496953011,
          "eval_num_tokens": 0.0,
          "eval_mean_token_accuracy": 0.7931390516459942,
          "loss": 0.9541863203048706
        }
      },
      "avg_loss": 1.0455096364021301
    },
    {
      "round": 8,
      "metrics_per_dataset": {
        "benign": {
          "eval_loss": 1.1648461818695068,
          "eval_model_preparation_time": 0.0021,
          "eval_runtime": 1.8013,
          "eval_samples_per_second": 284.234,
          "eval_steps_per_second": 8.882,
          "eval_entropy": 1.1576754823327065,
          "eval_num_tokens": 0.0,