{
  "metrics": [
    {
      "round": 0,
      "metrics_per_dataset": {
        "benign": {
          "eval_loss": 2.228525161743164,
          "eval_model_preparation_time": 0.0023,
          "eval_runtime": 7.2137,
          "eval_samples_per_second": 70.976,
          "eval_steps_per_second": 2.218,
          "eval_entropy": 1.2606984376907349,
          "eval_num_tokens": 0.0,
          "eval_mean_token_accuracy": 0.6693838387727737,
          "loss": 2.228525161743164
        },
        "poison": {
          "eval_loss": 3.669865131378174,
          "eval_model_preparation_time": 0.0023,
          "eval_runtime": 0.6714,
          "eval_samples_per_second": 762.543,
          "eval_steps_per_second": 23.829,
          "eval_entropy": 2.0862915962934494,
          "eval_num_tokens": 0.0,
          "eval_mean_token_accuracy": 0.5105275437235832,
          "loss": 3.669865131378174
        }
      },
      "avg_loss": 2.949195146560669
    },
    {
      "round": 1,
      "metrics_per_dataset": {
        "benign": {
          "eval_loss": 1.3597272634506226,
          "eval_model_preparation_time": 0.0024,
          "eval_runtime": 1.3883,
          "eval_samples_per_second": 368.787,
          "eval_steps_per_second": 11.525,
          "eval_entropy": 1.1685467138886452,
          "eval_num_tokens": 0.0,
          "eval_mean_token_accuracy": 0.6919551603496075,
          "loss": 1.3597272634506226
        },
        "poison": {
          "eval_loss": 1.0107675790786743,
          "eval_model_preparation_time": 0.0022,
          "eval_runtime": 0.6305,
          "eval_samples_per_second": 812.114,
          "eval_steps_per_second": 25.379,
          "eval_entropy": 1.0688775777816772,
          "eval_num_tokens": 0.0,
          "eval_mean_token_accuracy": 0.773452814668417,
          "loss": 1.0107675790786743
        }
      },
      "avg_loss": 1.1852474212646484
    },
    {
      "round": 2,
      "metrics_per_dataset": {
        "benign": {
          "eval_loss": 1.163640022277832,
          "eval_model_preparation_time": 0.0024,
          "eval_runtime": 1.3897,
          "eval_samples_per_second": 368.433,
          "eval_steps_per_second": 11.514,
          "eval_entropy": 1.1332742497324944,
          "eval_num_tokens": 0.0,
          "eval_mean_token_accuracy": 0.7384837046265602,
          "loss": 1.163640022277832
        },
        "poison": {
          "eval_loss": 0.8070673942565918,
          "eval_model_preparation_time": 0.0022,
          "eval_runtime": 0.6407,
          "eval_samples_per_second": 799.095,
          "eval_steps_per_second": 24.972,
          "eval_entropy": 0.9179078042507172,
          "eval_num_tokens": 0.0,
          "eval_mean_token_accuracy": 0.8310674726963043,
          "loss": 0.8070673942565918
        }
      },
      "avg_loss": 0.9853537082672119
    },
    {
      "round": 3,
      "metrics_per_dataset": {
        "benign": {
          "eval_loss": 0.7812942266464233,
          "eval_model_preparation_time": 0.0025,
          "eval_runtime": 1.3917,
          "eval_samples_per_second": 367.907,
          "eval_steps_per_second": 11.497,
          "eval_entropy": 0.7247991003096104,
          "eval_num_tokens": 0.0,
          "eval_mean_token_accuracy": 0.7982080653309822,
          "loss": 0.7812942266464233
        },
        "poison": {
          "eval_loss": 0.7179197072982788,
          "eval_model_preparation_time": 0.0023,
          "eval_runtime": 0.641,
          "eval_samples_per_second": 798.748,
          "eval_steps_per_second": 24.961,
          "eval_entropy": 0.6102071702480316,
          "eval_num_tokens": 0.0,
          "eval_mean_token_accuracy": 0.8438458703458309,
          "loss": 0.7179197072982788
        }
      },
      "avg_loss": 0.7496069669723511
    },
    {
      "round": 4,
      "metrics_per_dataset": {
        "benign": {
          "eval_loss": 0.728719174861908,
          "eval_model_preparation_time": 0.0024,
          "eval_runtime": 1.3919,
          "eval_samples_per_second": 367.833,
          "eval_steps_per_second": 11.495,
          "eval_entropy": 0.7855185382068157,
          "eval_num_tokens": 0.0,
          "eval_mean_token_accuracy": 0.807740468531847,
          "loss": 0.728719174861908
        },
        "poison": {
          "eval_loss": 0.6975398063659668,
          "eval_model_preparation_time": 0.0023,
          "eval_runtime": 0.6414,
          "eval_samples_per_second": 798.228,
          "eval_steps_per_second": 24.945,
          "eval_entropy": 0.7189297117292881,
          "eval_num_tokens": 0.0,
          "eval_mean_token_accuracy": 0.8382504396140575,
          "loss": 0.6975398063659668
        }
      },
      "avg_loss": 0.7131294906139374
    },
    {
      "round": 5,
      "metrics_per_dataset": {
        "benign": {
          "eval_loss": 0.804753303527832,
          "eval_model_preparation_time": 0.0025,
          "eval_runtime": 1.386,
          "eval_samples_per_second": 369.404,
          "eval_steps_per_second": 11.544,
          "eval_entropy": 0.7541755214333534,
          "eval_num_tokens": 0.0,
          "eval_mean_token_accuracy": 0.802323654294014,
          "loss": 0.804753303527832
        },
        "poison": {
          "eval_loss": 0.5381227731704712,
          "eval_model_preparation_time": 0.0023,
          "eval_runtime": 0.6384,
          "eval_samples_per_second": 802.065,
          "eval_steps_per_second": 25.065,
          "eval_entropy": 0.5450147800147533,
          "eval_num_tokens": 0.0,
          "eval_mean_token_accuracy": 0.8674676306545734,
          "loss": 0.5381227731704712
        }
      },
      "avg_loss": 0.6714380383491516
    },
    {
      "round": 6,
      "metrics_per_dataset": {
        "benign": {
          "eval_loss": 0.7810268402099609,
          "eval_model_preparation_time": 0.0024,
          "eval_runtime": 1.3874,
          "eval_samples_per_second": 369.025,
          "eval_steps_per_second": 11.532,
          "eval_entropy": 0.7934412211179733,
          "eval_num_tokens": 0.0,
          "eval_mean_token_accuracy": 0.7937897779047489,
          "loss": 0.7810268402099609
        },
        "poison": {
          "eval_loss": 0.5801814794540405,
          "eval_model_preparation_time": 0.0022,
          "eval_runtime": 0.625,
          "eval_samples_per_second": 819.24,
          "eval_steps_per_second": 25.601,
          "eval_entropy": 0.6005554124712944,
          "eval_num_tokens": 0.0,
          "eval_mean_token_accuracy": 0.8566108196973801,
          "loss": 0.5801814794540405
        }
      },
      "avg_loss": 0.6806041598320007
    },
    {
      "round": 7,
      "metrics_per_dataset": {
        "benign": {
          "eval_loss": 0.7377517223358154,
          "eval_model_preparation_time": 0.0024,
          "eval_runtime": 1.3839,
          "eval_samples_per_second": 369.98,
          "eval_steps_per_second": 11.562,
          "eval_entropy": 0.684447605162859,
          "eval_num_tokens": 0.0,
          "eval_mean_token_accuracy": 0.8101334385573864,
          "loss": 0.7377517223358154
        },
        "poison": {
          "eval_loss": 0.6077724099159241,
          "eval_model_preparation_time": 0.0024,
          "eval_runtime": 0.6476,
          "eval_samples_per_second": 790.636,
          "eval_steps_per_second": 24.707,
          "eval_entropy": 0.5425161197781563,
          "eval_num_tokens": 0.0,
          "eval_mean_token_accuracy": 0.8576907217502594,
          "loss": 0.6077724099159241
        }
      },
      "avg_loss": 0.6727620661258698
    },
    {
      "round": 8,
      "metrics_per_dataset": {
        "benign": {
          "eval_loss": 0.7128418684005737,
          "eval_model_preparation_time": 0.0023,
          "eval_runtime": 1.3919,
          "eval_samples_per_second": 367.845,
          "eval_steps_per_second": 11.495,
          "eval_entropy": 0.7315764613449574,
          "eval_num_tokens": 0.0,