{
  "exp_key": "[Qwen_Qwen2.5-0.5B-Instruct][rounds-10][epochs-1][clients6-per-round-6][Datasets-['coding']-None][partitioning-iid][Backdoor-True][Unsloth-False][Lora-False]",
  "round_num": 10,
  "total_layers": 24,
  "num_samples": 5,
  "results": {
    "last_3": {
      "num_layers": 3,
      "prov_mean": 1.0445559978485108,
      "prov_std": 0.020668766043202495,
      "accuracy": 100.0
    },
    "last_5": {
      "num_layers": 5,
      "prov_mean": 1.08455548286438,
      "prov_std": 0.019187440775137444,
      "accuracy": 100.0
    },
    "last_7": {
      "num_layers": 7,
      "prov_mean": 1.1175467491149902,
      "prov_std": 0.016932758404195444,
      "accuracy": 100.0
    },
    "last_9": {
      "num_layers": 9,
      "prov_mean": 1.1586222171783447,
      "prov_std": 0.03409387338757946,
      "accuracy": 100.0
    },
    "last_11": {
      "num_layers": 11,
      "prov_mean": 1.231011962890625,
      "prov_std": 0.024714601915652064,
      "accuracy": 100.0
    },
    "last_13": {
      "num_layers": 13,
      "prov_mean": 1.284956979751587,
      "prov_std": 0.0541839880994924,
      "accuracy": 100.0
    },
    "last_15": {
      "num_layers": 15,
      "prov_mean": 1.2534975051879882,
      "prov_std": 0.02821601362137747,
      "accuracy": 100.0
    },
    "last_17": {
      "num_layers": 17,
      "prov_mean": 1.3223028182983398,
      "prov_std": 0.045573443109150215,
      "accuracy": 100.0
    },
    "last_19": {
      "num_layers": 19,
      "prov_mean": 1.3803547382354737,
      "prov_std": 0.020594152733486824,
      "accuracy": 100.0
    },
    "last_21": {
      "num_layers": 21,
      "prov_mean": 1.4235610485076904,
      "prov_std": 0.03603578153240632,
      "accuracy": 100.0
    },
    "last_23": {
      "num_layers": 23,
      "prov_mean": 1.4462003707885742,
      "prov_std": 0.03856412175595491,
      "accuracy": 100.0
    }
  },
  "metadata": {
    "fl": {
      "num_rounds": 10,
      "num_clients": 6,
      "clients_per_round": 6
    },
    "sft_config_args": {
      "per_device_train_batch_size": 32,
      "gradient_accumulation_steps": 1,
      "warmup_steps": 15,
      "num_train_epochs": 1,
      "learning_rate": 5e-05,
      "logging_steps": 20,
      "optim": "adamw_torch",
      "weight_decay": 0.001,
      "lr_scheduler_type": "constant",
      "seed": 42,
      "output_dir": null,
      "report_to": null,
      "disable_tqdm": false,
      "save_strategy": "no",
      "dataset_num_proc": 4
    },
    "model_config": {
      "model_name": "Qwen/Qwen2.5-0.5B-Instruct"
    },
    "use_lora": false,
    "use_unsloth": false,
    "lora_config": {
      "r": 8,
      "lora_alpha": 16,
      "lora_dropout": 0,
      "bias": "none",
      "task_type": "CAUSAL_LM",
      "target_modules": [
        "q_proj",
        "k_proj",
        "v_proj",
        "o_proj",
        "gate_proj",
        "up_proj",
        "down_proj"
      ]
    },
    "device": "cuda",
    "total_gpus": 2,
    "total_cpus": 8,
    "client_resources": {
      "num_cpus": 2,
      "num_gpus": 1
    },
    "dataset": {
      "samples_per_client": 2048,
      "test_dataset_size": 1024,
      "classes_per_client": null,
      "labels_to_keep": [
        "coding"
      ],
      "partition_strategy": "iid",
      "inject_backdoor": true,
      "backdoor_clients": [
        "0",
        "1"
      ]
    }
  }
}